"","selected_First_branch","selected_Second_branch","selected_br","cat"
"1",5,0,5,1
"2",9,0,9,1
"3",9,0,9,1
"4",9,0,9,1
"5",7,0,7,1
"6",9,0,9,1
"7",6,0,9,0
"8",5,0,5,1
"9",13,0,13,1
"10",12,0,12,1
"11",3,0,9,0
"12",9,0,9,1
"13",5,0,9,0
"14",6,0,6,1
"15",6,0,6,1
"16",9,0,9,1
"17",9,0,9,1
"18",7,0,7,1
"19",10,0,10,1
"20",9,0,9,1
"21",8,0,8,1
"22",4,0,4,1
"23",19,0,19,1
"24",13,0,13,1
"25",5,0,5,1
"26",4,0,4,1
"27",3,0,5,0
"28",13,0,13,1
"29",8,0,8,1
"30",19,0,19,1
"31",19,0,19,1
"32",5,0,5,1
"33",9,0,8,0
"34",5,0,5,1
"35",2,0,2,1
"36",4,0,4,1
"37",15,0,19,0
"38",19,0,19,1
"39",19,0,19,1
"40",8,0,8,1
"41",14,0,14,1
"42",12,0,3,0
"43",17,0,17,1
"44",6,0,8,0
"45",11,0,11,1
"46",9,0,9,1
"47",17,0,17,1
"48",12,0,12,1
"49",11,0,11,1
"50",17,0,17,1
"51",11,0,11,1
"52",17,0,17,1
"53",3,0,3,1
"54",15,0,15,1
"55",3,0,3,1
"56",2,0,2,1
"57",3,0,3,1
"58",5,0,9,0
"59",3,0,3,1
"60",15,0,15,1
"61",2,0,2,1
"62",2,0,2,1
"63",2,0,2,1
"64",2,0,2,1
"65",5,0,5,1
"66",7,0,7,1
"67",6,0,6,1
"68",2,0,2,1
"69",4,0,4,1
"70",12,0,12,1
"71",2,0,2,1
"72",2,0,2,1
"73",13,0,2,0
"74",2,0,2,1
"75",2,0,2,1
"76",2,0,4,0
"77",4,0,4,1
"78",2,0,2,1
"79",5,0,5,1
"80",13,0,2,0
"81",7,0,7,1
"82",13,0,13,1
"83",12,0,12,1
"84",2,0,2,1
"85",5,0,5,1
"86",2,0,2,1
"87",18,0,18,1
"88",2,0,2,1
"89",16,0,16,1
"90",5,0,5,1
"91",3,0,3,1
"92",16,0,16,1
"93",8,0,8,1
"94",19,0,2,0
"95",2,0,2,1
"96",3,0,3,1
"97",18,0,18,1
"98",11,0,13,0
"99",2,0,2,1
"100",2,0,2,1
"101",17,0,17,1
"102",17,0,17,1
"103",7,0,6,0
"104",6,0,6,1
"105",17,0,17,1
"106",10,0,10,1
"107",4,0,4,1
"108",10,0,4,0
"109",10,0,10,1
"110",12,0,12,1
"111",10,0,10,1
"112",6,0,6,1
"113",17,0,17,1
"114",10,0,10,1
"115",17,0,17,1
"116",12,0,12,1
"117",12,0,12,1
"118",4,0,4,1
"119",12,0,12,1
"120",17,0,17,1
"121",9,0,9,1
"122",3,0,3,1
"123",11,0,11,1
"124",18,0,18,1
"125",11,0,11,1
"126",19,0,19,1
"127",3,0,3,1
"128",5,0,5,1
"129",18,0,18,1
"130",4,0,4,1
"131",5,0,5,1
"132",6,0,6,1
"133",7,0,7,1
"134",4,0,4,1
"135",4,0,4,1
"136",6,0,6,1
"137",6,0,6,1
"138",7,0,7,1
"139",6,0,6,1
"140",6,0,6,1
"141",3,0,3,1
"142",3,0,3,1
"143",4,0,4,1
"144",6,0,6,1
"145",14,0,14,1
"146",15,0,15,1
"147",4,0,4,1
"148",4,0,4,1
"149",14,0,14,1
"150",14,0,3,0
"151",19,0,19,1
"152",19,0,14,0
"153",4,0,4,1
"154",6,0,6,1
"155",13,0,13,1
"156",14,0,14,1
"157",3,0,3,1
"158",3,0,3,1
"159",14,0,14,1
"160",18,0,14,0
"161",9,0,9,1
"162",19,0,19,1
"163",8,0,8,1
"164",7,0,7,1
"165",19,0,19,1
"166",7,0,7,1
"167",3,0,3,1
"168",2,0,2,1
"169",3,0,3,1
"170",7,0,7,1
"171",13,0,13,1
"172",13,0,13,1
"173",8,0,8,1
"174",9,0,9,1
"175",11,0,11,1
"176",9,0,9,1
"177",19,0,19,1
"178",9,0,9,1
"179",13,0,13,1
"180",7,0,19,0
"181",13,0,17,0
"182",17,0,17,1
"183",16,0,16,1
"184",17,0,17,1
"185",17,0,16,0
"186",19,0,19,1
"187",8,0,8,1
"188",6,0,6,1
"189",12,0,17,0
"190",14,0,14,1
"191",6,0,6,1
"192",4,0,6,0
"193",16,0,16,1
"194",3,0,3,1
"195",6,0,6,1
"196",17,0,17,1
"197",18,0,18,1
"198",14,0,14,1
"199",19,0,19,1
"200",2,0,2,1
"201",4,0,4,1
"202",17,0,17,1
"203",5,0,5,1
"204",14,0,14,1
"205",4,0,4,1
"206",4,0,7,0
"207",5,0,5,1
"208",4,0,7,0
"209",5,0,4,0
"210",15,0,15,1
"211",7,0,7,1
"212",4,0,4,1
"213",2,0,2,1
"214",4,0,4,1
"215",4,0,4,1
"216",8,0,8,1
"217",4,0,4,1
"218",4,0,7,0
"219",18,0,18,1
"220",4,0,4,1
"221",6,0,6,1
"222",4,0,4,1
"223",18,0,18,1
"224",9,0,9,1
"225",6,0,6,1
"226",4,0,4,1
"227",9,0,9,1
"228",2,0,2,1
"229",9,0,9,1
"230",10,0,10,1
"231",17,0,18,0
"232",10,0,10,1
"233",15,0,15,1
"234",18,0,4,0
"235",18,0,18,1
"236",18,0,18,1
"237",5,0,5,1
"238",6,0,6,1
"239",18,0,18,1
"240",18,0,18,1
"241",19,0,19,1
"242",9,0,9,1
"243",19,0,19,1
"244",11,0,11,1
"245",11,0,11,1
"246",12,0,12,1
"247",2,0,2,1
"248",3,0,19,0
"249",5,0,5,1
"250",19,0,19,1
"251",19,0,19,1
"252",11,0,11,1
"253",11,0,11,1
"254",5,0,5,1
"255",12,0,12,1
"256",19,0,19,1
"257",5,0,5,1
"258",6,0,10,0
"259",5,0,5,1
"260",12,0,12,1
"261",6,0,6,1
"262",13,0,13,1
"263",16,0,16,1
"264",13,0,13,1
"265",7,0,7,1
"266",11,0,11,1
"267",13,0,13,1
"268",7,0,7,1
"269",13,0,13,1
"270",13,0,13,1
"271",7,0,7,1
"272",8,0,8,1
"273",18,0,12,0
"274",13,0,13,1
"275",14,0,13,0
"276",12,0,12,1
"277",12,0,12,1
"278",6,0,6,1
"279",7,0,7,1
"280",13,0,13,1
"281",7,0,7,1
"282",7,0,7,1
"283",7,0,7,1
"284",2,0,2,1
"285",14,0,7,0
"286",7,0,7,1
"287",7,0,7,1
"288",9,0,9,1
"289",7,0,7,1
"290",7,0,7,1
"291",14,0,14,1
"292",10,0,10,1
"293",7,0,7,1
"294",7,0,7,1
"295",16,0,16,1
"296",9,0,9,1
"297",9,0,9,1
"298",7,0,7,1
"299",7,0,7,1
"300",7,0,7,1
"301",8,0,8,1
"302",6,0,6,1
"303",5,0,6,0
"304",6,0,6,1
"305",7,0,7,1
"306",5,0,5,1
"307",5,0,5,1
"308",5,0,5,1
"309",5,0,5,1
"310",2,0,2,1
"311",16,0,15,0
"312",12,0,12,1
"313",15,0,15,1
"314",5,0,5,1
"315",8,0,8,1
"316",17,0,5,0
"317",15,0,15,1
"318",7,0,7,1
"319",11,0,11,1
"320",2,0,2,1
"321",10,0,10,1
"322",11,0,11,1
"323",5,0,5,1
"324",7,0,7,1
"325",10,0,10,1
"326",15,0,15,1
"327",10,0,10,1
"328",3,0,3,1
"329",10,0,10,1
"330",7,0,7,1
"331",5,0,5,1
"332",10,0,10,1
"333",8,0,8,1
"334",10,0,10,1
"335",8,0,8,1
"336",10,0,10,1
"337",10,0,10,1
"338",8,0,8,1
"339",10,0,10,1
"340",7,0,7,1
"341",18,0,12,0
"342",12,0,12,1
"343",11,0,11,1
"344",12,0,12,1
"345",12,0,11,0
"346",11,0,11,1
"347",19,0,19,1
"348",17,0,12,0
"349",19,0,19,1
"350",12,0,12,1
"351",12,0,12,1
"352",11,0,11,1
"353",12,0,11,0
"354",12,0,12,1
"355",12,0,12,1
"356",19,0,19,1
"357",11,0,11,1
"358",12,0,12,1
"359",19,0,19,1
"360",9,0,9,1
"361",15,0,2,0
"362",2,0,2,1
"363",2,0,2,1
"364",3,0,3,1
"365",5,0,5,1
"366",18,0,18,1
"367",2,0,2,1
"368",5,0,5,1
"369",2,0,2,1
"370",2,0,2,1
"371",2,0,2,1
"372",3,0,3,1
"373",2,0,2,1
"374",18,0,18,1
"375",18,0,18,1
"376",2,0,2,1
"377",19,0,19,1
"378",2,0,2,1
"379",3,0,3,1
"380",2,0,2,1
"381",17,0,17,1
"382",16,0,16,1
"383",9,0,9,1
"384",8,0,8,1
"385",17,0,17,1
"386",4,0,5,0
"387",8,0,8,1
"388",8,0,8,1
"389",8,0,8,1
"390",16,0,16,1
"391",17,0,17,1
"392",17,0,17,1
"393",18,0,18,1
"394",17,0,8,0
"395",8,0,8,1
"396",17,0,17,1
"397",9,0,9,1
"398",13,0,13,1
"399",16,0,16,1
"400",8,0,8,1
"401",10,0,10,1
"402",10,0,10,1
"403",11,0,11,1
"404",10,0,10,1
"405",4,0,4,1
"406",18,0,18,1
"407",4,0,4,1
"408",10,0,10,1
"409",10,0,10,1
"410",10,0,10,1
"411",4,0,4,1
"412",14,0,14,1
"413",14,0,14,1
"414",8,0,10,0
"415",14,0,14,1
"416",10,0,10,1
"417",14,0,14,1
"418",4,0,4,1
"419",10,0,10,1
"420",10,0,10,1
"421",7,0,7,1
"422",14,0,14,1
"423",14,0,14,1
"424",14,0,14,1
"425",14,0,14,1
"426",15,0,15,1
"427",9,0,9,1
"428",19,0,19,1
"429",14,0,14,1
"430",14,0,14,1
"431",14,0,14,1
"432",19,0,19,1
"433",12,0,12,1
"434",14,0,14,1
"435",15,0,15,1
"436",11,0,11,1
"437",9,0,11,0
"438",9,0,9,1
"439",14,0,14,1
"440",14,0,14,1
"441",4,0,4,1
"442",17,0,17,1
"443",18,0,18,1
"444",16,0,16,1
"445",19,0,18,0
"446",18,0,18,1
"447",12,0,12,1
"448",6,0,6,1
"449",18,0,18,1
"450",18,0,18,1
"451",16,0,16,1
"452",11,0,18,0
"453",9,0,9,1
"454",15,0,15,1
"455",7,0,7,1
"456",16,0,16,1
"457",18,0,18,1
"458",16,0,16,1
"459",10,0,18,0
"460",16,0,16,1
"461",10,0,10,1
"462",2,0,2,1
"463",4,0,4,1
"464",4,0,4,1
"465",10,0,10,1
"466",16,0,14,0
"467",16,0,16,1
"468",8,0,8,1
"469",15,0,15,1
"470",6,0,6,1
"471",10,0,10,1
"472",8,0,8,1
"473",12,0,5,0
"474",15,0,15,1
"475",9,0,9,1
"476",19,0,19,1
"477",6,0,6,1
"478",3,0,12,0
"479",18,0,18,1
"480",6,0,6,1
"481",5,0,5,1
"482",5,0,5,1
"483",5,0,5,1
"484",5,0,18,0
"485",5,0,5,1
"486",19,0,19,1
"487",5,0,5,1
"488",5,0,5,1
"489",2,0,4,0
"490",12,0,5,0
"491",18,0,18,1
"492",5,0,5,1
"493",5,0,5,1
"494",5,0,5,1
"495",5,0,5,1
"496",14,0,5,0
"497",7,0,7,1
"498",5,0,5,1
"499",5,0,5,1
"500",4,0,4,1
"501",4,0,4,1
"502",5,0,5,1
"503",6,0,6,1
"504",18,0,18,1
"505",17,0,17,1
"506",18,0,18,1
"507",18,0,18,1
"508",3,0,3,1
"509",17,0,17,1
"510",7,0,7,1
"511",16,0,16,1
"512",4,0,4,1
"513",4,0,4,1
"514",17,0,17,1
"515",3,0,3,1
"516",7,0,7,1
"517",18,0,18,1
"518",7,0,7,1
"519",4,0,4,1
"520",4,0,4,1
"521",14,0,3,0
"522",2,0,2,1
"523",3,0,3,1
"524",3,0,3,1
"525",2,0,2,1
"526",18,0,3,0
"527",17,0,17,1
"528",2,0,2,1
"529",3,0,3,1
"530",17,0,17,1
"531",3,0,3,1
"532",3,0,3,1
"533",3,0,3,1
"534",3,0,3,1
"535",3,0,3,1
"536",2,0,2,1
"537",2,0,2,1
"538",3,0,17,0
"539",3,0,3,1
"540",14,0,3,0
"541",19,0,19,1
"542",11,0,11,1
"543",3,0,3,1
"544",19,0,19,1
"545",3,0,3,1
"546",4,0,11,0
"547",19,0,19,1
"548",11,0,11,1
"549",19,0,11,0
"550",3,0,3,1
"551",10,0,10,1
"552",12,0,12,1
"553",11,0,11,1
"554",12,0,12,1
"555",11,0,11,1
"556",6,0,6,1
"557",3,0,3,1
"558",12,0,12,1
"559",11,0,11,1
"560",7,0,3,0
"561",13,0,13,1
"562",13,0,13,1
"563",2,0,2,1
"564",2,0,2,1
"565",2,0,2,1
"566",2,0,2,1
"567",2,0,2,1
"568",13,0,13,1
"569",2,0,2,1
"570",2,0,2,1
"571",2,0,2,1
"572",2,0,2,1
"573",2,0,2,1
"574",2,0,2,1
"575",13,0,13,1
"576",13,0,13,1
"577",13,0,13,1
"578",2,0,2,1
"579",2,0,2,1
"580",2,0,2,1
"581",15,0,15,1
"582",6,0,6,1
"583",7,0,7,1
"584",11,0,11,1
"585",6,0,6,1
"586",11,0,11,1
"587",6,0,6,1
"588",4,0,4,1
"589",6,0,6,1
"590",6,0,6,1
"591",19,0,19,1
"592",7,0,7,1
"593",17,0,17,1
"594",4,0,4,1
"595",13,0,13,1
"596",15,0,15,1
"597",6,0,4,0
"598",7,0,7,1
"599",6,0,6,1
"600",4,0,4,1
"601",5,0,5,1
"602",7,0,3,0
"603",7,0,7,1
"604",4,0,4,1
"605",9,0,9,1
"606",3,0,3,1
"607",15,0,15,1
"608",19,0,19,1
"609",8,0,8,1
"610",17,0,17,1
"611",2,0,4,0
"612",5,0,5,1
"613",13,0,15,0
"614",14,0,14,1
"615",14,0,14,1
"616",19,0,19,1
"617",13,0,13,1
"618",14,0,14,1
"619",4,0,4,1
"620",11,0,11,1
"621",17,0,17,1
"622",3,0,3,1
"623",17,0,17,1
"624",19,0,19,1
"625",4,0,4,1
"626",3,0,3,1
"627",17,0,17,1
"628",3,0,3,1
"629",17,0,17,1
"630",11,0,14,0
"631",4,0,4,1
"632",19,0,19,1
"633",16,0,16,1
"634",19,0,19,1
"635",17,0,17,1
"636",3,0,3,1
"637",18,0,18,1
"638",6,0,7,0
"639",19,0,19,1
"640",17,0,17,1
"641",12,0,12,1
"642",5,0,5,1
"643",16,0,16,1
"644",19,0,19,1
"645",8,0,8,1
"646",16,0,16,1
"647",16,0,16,1
"648",10,0,10,1
"649",4,0,4,1
"650",16,0,16,1
"651",10,0,10,1
"652",7,0,8,0
"653",16,0,16,1
"654",16,0,16,1
"655",10,0,10,1
"656",12,0,12,1
"657",4,0,4,1
"658",16,0,16,1
"659",8,0,8,1
"660",14,0,16,0
"661",19,0,19,1
"662",6,0,6,1
"663",8,0,8,1
"664",4,0,4,1
"665",19,0,19,1
"666",19,0,19,1
"667",4,0,4,1
"668",6,0,15,0
"669",4,0,4,1
"670",15,0,15,1
"671",12,0,12,1
"672",19,0,19,1
"673",4,0,4,1
"674",16,0,16,1
"675",4,0,4,1
"676",3,0,15,0
"677",15,0,15,1
"678",15,0,15,1
"679",6,0,6,1
"680",4,0,4,1
"681",13,0,13,1
"682",15,0,15,1
"683",3,0,3,1
"684",2,0,2,1
"685",9,0,9,1
"686",15,0,15,1
"687",15,0,15,1
"688",4,0,4,1
"689",15,0,15,1
"690",6,0,6,1
"691",14,0,14,1
"692",3,0,3,1
"693",5,0,5,1
"694",3,0,3,1
"695",15,0,15,1
"696",13,0,13,1
"697",15,0,15,1
"698",14,0,14,1
"699",3,0,3,1
"700",15,0,15,1
"701",7,0,7,1
"702",13,0,13,1
"703",8,0,8,1
"704",3,0,3,1
"705",10,0,10,1
"706",8,0,8,1
"707",8,0,8,1
"708",8,0,8,1
"709",12,0,12,1
"710",18,0,18,1
"711",6,0,8,0
"712",13,0,13,1
"713",3,0,3,1
"714",18,0,18,1
"715",17,0,8,0
"716",3,0,3,1
"717",8,0,8,1
"718",3,0,3,1
"719",8,0,8,1
"720",18,0,18,1
"721",9,0,9,1
"722",12,0,12,1
"723",11,0,11,1
"724",19,0,19,1
"725",2,0,2,1
"726",5,0,5,1
"727",19,0,19,1
"728",19,0,19,1
"729",2,0,2,1
"730",19,0,19,1
"731",9,0,5,0
"732",14,0,14,1
"733",14,0,14,1
"734",11,0,11,1
"735",17,0,17,1
"736",6,0,2,0
"737",13,0,13,1
"738",5,0,5,1
"739",11,0,11,1
"740",13,0,13,1
"741",16,0,16,1
"742",12,0,12,1
"743",16,0,16,1
"744",2,0,2,1
"745",19,0,19,1
"746",13,0,13,1
"747",18,0,16,0
"748",3,0,3,1
"749",19,0,19,1
"750",13,0,13,1
"751",19,0,19,1
"752",10,0,11,0
"753",11,0,11,1
"754",13,0,13,1
"755",16,0,16,1
"756",11,0,11,1
"757",7,0,7,1
"758",19,0,19,1
"759",15,0,13,0
"760",2,0,2,1
"761",2,0,2,1
"762",16,0,16,1
"763",19,0,19,1
"764",14,0,13,0
"765",16,0,16,1
"766",16,0,16,1
"767",13,0,13,1
"768",10,0,10,1
"769",13,0,13,1
"770",13,0,13,1
"771",19,0,16,0
"772",16,0,16,1
"773",19,0,19,1
"774",13,0,13,1
"775",19,0,19,1
"776",13,0,13,1
"777",16,0,16,1
"778",16,0,16,1
"779",16,0,16,1
"780",19,0,19,1
"781",8,0,8,1
"782",14,0,14,1
"783",12,0,14,0
"784",14,0,14,1
"785",8,0,8,1
"786",6,0,6,1
"787",10,0,10,1
"788",16,0,16,1
"789",8,0,8,1
"790",14,0,16,0
"791",11,0,10,0
"792",14,0,14,1
"793",10,0,10,1
"794",14,0,14,1
"795",17,0,18,0
"796",13,0,13,1
"797",14,0,14,1
"798",10,0,10,1
"799",14,0,14,1
"800",10,0,10,1
"801",16,0,16,1
"802",8,0,8,1
"803",2,0,2,1
"804",16,0,16,1
"805",16,0,16,1
"806",2,0,2,1
"807",5,0,5,1
"808",6,0,6,1
"809",16,0,16,1
"810",3,0,3,1
"811",16,0,16,1
"812",2,0,2,1
"813",2,0,2,1
"814",8,0,8,1
"815",16,0,16,1
"816",2,0,2,1
"817",15,0,2,0
"818",11,0,12,0
"819",12,0,12,1
"820",17,0,17,1
"821",15,0,15,1
"822",4,0,4,1
"823",16,0,16,1
"824",10,0,10,1
"825",7,0,7,1
"826",10,0,10,1
"827",3,0,3,1
"828",4,0,4,1
"829",15,0,15,1
"830",16,0,16,1
"831",5,0,5,1
"832",17,0,18,0
"833",14,0,14,1
"834",13,0,13,1
"835",4,0,4,1
"836",16,0,16,1
"837",14,0,14,1
"838",14,0,14,1
"839",10,0,10,1
"840",8,0,10,0
"841",5,0,5,1
"842",19,0,17,0
"843",3,0,3,1
"844",19,0,17,0
"845",17,0,17,1
"846",5,0,5,1
"847",4,0,4,1
"848",3,0,3,1
"849",17,0,17,1
"850",17,0,17,1
"851",18,0,17,0
"852",16,0,16,1
"853",10,0,8,0
"854",17,0,17,1
"855",16,0,5,0
"856",3,0,3,1
"857",10,0,10,1
"858",2,0,3,0
"859",10,0,10,1
"860",5,0,5,1
"861",12,0,12,1
"862",11,0,18,0
"863",18,0,18,1
"864",7,0,7,1
"865",12,0,12,1
"866",17,0,15,0
"867",6,0,6,1
"868",18,0,18,1
"869",18,0,18,1
"870",7,0,7,1
"871",7,0,7,1
"872",18,0,18,1
"873",11,0,11,1
"874",6,0,6,1
"875",11,0,11,1
"876",11,0,11,1
"877",2,0,2,1
"878",12,0,12,1
"879",12,0,12,1
"880",4,0,18,0
"881",9,0,9,1
"882",4,0,4,1
"883",6,0,6,1
"884",6,0,7,0
"885",7,0,7,1
"886",15,0,15,1
"887",2,0,2,1
"888",4,0,4,1
"889",5,0,7,0
"890",9,0,9,1
"891",3,0,3,1
"892",9,0,9,1
"893",9,0,9,1
"894",15,0,15,1
"895",5,0,7,0
"896",15,0,15,1
"897",15,0,15,1
"898",15,0,15,1
"899",3,0,3,1
"900",7,0,7,1
"901",10,0,9,0
"902",15,0,15,1
"903",2,0,2,1
"904",17,0,17,1
"905",10,0,10,1
"906",6,0,6,1
"907",18,0,18,1
"908",10,0,10,1
"909",15,0,15,1
"910",15,0,15,1
"911",15,0,15,1
"912",12,0,12,1
"913",2,0,2,1
"914",2,0,2,1
"915",18,0,18,1
"916",12,0,12,1
"917",6,0,6,1
"918",18,0,18,1
"919",10,0,10,1
"920",10,0,9,0
"921",2,0,2,1
"922",5,0,5,1
"923",2,0,2,1
"924",2,0,2,1
"925",2,0,2,1
"926",5,0,5,1
"927",17,0,17,1
"928",16,0,16,1
"929",2,0,2,1
"930",2,0,2,1
"931",8,0,15,0
"932",8,0,8,1
"933",2,0,2,1
"934",17,0,17,1
"935",12,0,12,1
"936",15,0,15,1
"937",2,0,2,1
"938",17,0,17,1
"939",16,0,16,1
"940",2,0,2,1
"941",4,0,4,1
"942",14,0,14,1
"943",8,0,8,1
"944",18,0,18,1
"945",12,0,12,1
"946",15,0,15,1
"947",15,0,15,1
"948",5,0,5,1
"949",5,0,5,1
"950",2,0,2,1
"951",2,0,2,1
"952",15,0,15,1
"953",4,0,4,1
"954",5,0,5,1
"955",14,0,14,1
"956",14,0,14,1
"957",12,0,12,1
"958",5,0,5,1
"959",5,0,5,1
"960",6,0,5,0
"961",9,0,19,0
"962",19,0,19,1
"963",11,0,11,1
"964",14,0,14,1
"965",2,0,2,1
"966",4,0,4,1
"967",9,0,9,1
"968",11,0,11,1
"969",4,0,4,1
"970",4,0,4,1
"971",17,0,17,1
"972",13,0,11,0
"973",19,0,19,1
"974",13,0,11,0
"975",9,0,9,1
"976",11,0,11,1
"977",9,0,9,1
"978",4,0,4,1
"979",9,0,9,1
"980",17,0,17,1
"981",19,0,19,1
"982",19,0,18,0
"983",19,0,19,1
"984",19,0,19,1
"985",18,0,18,1
"986",4,0,4,1
"987",19,0,19,1
"988",4,0,4,1
"989",19,0,19,1
"990",4,0,4,1
"991",10,0,10,1
"992",7,0,7,1
"993",19,0,19,1
"994",8,0,8,1
"995",19,0,19,1
"996",8,0,8,1
"997",19,0,19,1
"998",10,0,10,1
"999",18,0,18,1
"1000",19,0,19,1
"1001",2,0,2,1
"1002",12,0,12,1
"1003",15,0,15,1
"1004",2,0,2,1
"1005",5,0,5,1
"1006",2,0,2,1
"1007",17,0,17,1
"1008",12,0,12,1
"1009",11,0,11,1
"1010",15,0,15,1
"1011",12,0,12,1
"1012",15,0,15,1
"1013",4,0,4,1
"1014",6,0,12,0
"1015",2,0,2,1
"1016",11,0,11,1
"1017",11,0,11,1
"1018",12,0,12,1
"1019",4,0,4,1
"1020",12,0,12,1
"1021",2,0,2,1
"1022",4,0,4,1
"1023",2,0,12,0
"1024",5,0,5,1
"1025",16,0,16,1
"1026",12,0,12,1
"1027",5,0,2,0
"1028",12,0,2,0
"1029",2,0,2,1
"1030",5,0,5,1
"1031",2,0,2,1
"1032",2,0,2,1
"1033",5,0,5,1
"1034",2,0,2,1
"1035",7,0,7,1
"1036",7,0,7,1
"1037",13,0,13,1
"1038",8,0,8,1
"1039",13,0,13,1
"1040",2,0,2,1
"1041",17,0,17,1
"1042",5,0,5,1
"1043",3,0,3,1
"1044",13,0,13,1
"1045",5,0,13,0
"1046",15,0,15,1
"1047",17,0,17,1
"1048",13,0,13,1
"1049",5,0,5,1
"1050",11,0,11,1
"1051",13,0,13,1
"1052",15,0,15,1
"1053",5,0,5,1
"1054",7,0,7,1
"1055",3,0,3,1
"1056",5,0,5,1
"1057",17,0,17,1
"1058",15,0,15,1
"1059",5,0,5,1
"1060",13,0,13,1
"1061",19,0,13,0
"1062",17,0,17,1
"1063",17,0,17,1
"1064",13,0,13,1
"1065",5,0,13,0
"1066",12,0,13,0
"1067",13,0,13,1
"1068",5,0,13,0
"1069",3,0,3,1
"1070",3,0,3,1
"1071",17,0,17,1
"1072",13,0,13,1
"1073",13,0,13,1
"1074",13,0,13,1
"1075",3,0,3,1
"1076",13,0,13,1
"1077",10,0,10,1
"1078",13,0,13,1
"1079",10,0,10,1
"1080",15,0,15,1
"1081",19,0,19,1
"1082",19,0,19,1
"1083",8,0,8,1
"1084",19,0,19,1
"1085",19,0,19,1
"1086",19,0,9,0
"1087",9,0,9,1
"1088",19,0,19,1
"1089",10,0,10,1
"1090",19,0,9,0
"1091",19,0,19,1
"1092",19,0,19,1
"1093",19,0,19,1
"1094",19,0,9,0
"1095",3,0,3,1
"1096",19,0,19,1
"1097",19,0,19,1
"1098",19,0,19,1
"1099",19,0,19,1
"1100",10,0,10,1
"1101",7,0,7,1
"1102",2,0,2,1
"1103",14,0,14,1
"1104",7,0,7,1
"1105",6,0,6,1
"1106",8,0,9,0
"1107",14,0,14,1
"1108",16,0,16,1
"1109",19,0,19,1
"1110",13,0,15,0
"1111",7,0,7,1
"1112",2,0,2,1
"1113",16,0,16,1
"1114",9,0,9,1
"1115",7,0,7,1
"1116",9,0,9,1
"1117",4,0,4,1
"1118",2,0,2,1
"1119",19,0,19,1
"1120",3,0,7,0
"1121",18,0,18,1
"1122",9,0,9,1
"1123",4,0,4,1
"1124",4,0,4,1
"1125",18,0,18,1
"1126",9,0,9,1
"1127",10,0,10,1
"1128",9,0,9,1
"1129",10,0,10,1
"1130",14,0,14,1
"1131",10,0,10,1
"1132",18,0,18,1
"1133",18,0,18,1
"1134",10,0,10,1
"1135",18,0,4,0
"1136",15,0,15,1
"1137",18,0,4,0
"1138",18,0,18,1
"1139",14,0,14,1
"1140",18,0,18,1
"1141",14,0,15,0
"1142",15,0,15,1
"1143",4,0,15,0
"1144",13,0,13,1
"1145",15,0,15,1
"1146",15,0,15,1
"1147",14,0,14,1
"1148",14,0,14,1
"1149",10,0,10,1
"1150",19,0,19,1
"1151",10,0,10,1
"1152",16,0,16,1
"1153",15,0,15,1
"1154",15,0,15,1
"1155",13,0,13,1
"1156",16,0,16,1
"1157",14,0,14,1
"1158",17,0,17,1
"1159",16,0,16,1
"1160",13,0,13,1
"1161",6,0,6,1
"1162",5,0,7,0
"1163",5,0,5,1
"1164",4,0,4,1
"1165",7,0,7,1
"1166",5,0,5,1
"1167",16,0,16,1
"1168",9,0,9,1
"1169",5,0,5,1
"1170",5,0,5,1
"1171",7,0,7,1
"1172",4,0,4,1
"1173",5,0,5,1
"1174",9,0,9,1
"1175",9,0,9,1
"1176",16,0,16,1
"1177",9,0,9,1
"1178",16,0,16,1
"1179",16,0,16,1
"1180",14,0,14,1
"1181",4,0,4,1
"1182",2,0,2,1
"1183",17,0,17,1
"1184",15,0,15,1
"1185",7,0,7,1
"1186",16,0,16,1
"1187",17,0,17,1
"1188",2,0,2,1
"1189",15,0,15,1
"1190",5,0,5,1
"1191",2,0,2,1
"1192",19,0,19,1
"1193",7,0,7,1
"1194",15,0,15,1
"1195",2,0,2,1
"1196",16,0,16,1
"1197",15,0,15,1
"1198",6,0,6,1
"1199",2,0,2,1
"1200",17,0,17,1
"1201",16,0,16,1
"1202",2,0,4,0
"1203",17,0,17,1
"1204",17,0,17,1
"1205",12,0,12,1
"1206",13,0,14,0
"1207",17,0,17,1
"1208",18,0,17,0
"1209",10,0,10,1
"1210",7,0,7,1
"1211",16,0,16,1
"1212",4,0,4,1
"1213",17,0,17,1
"1214",16,0,16,1
"1215",16,0,16,1
"1216",13,0,13,1
"1217",19,0,19,1
"1218",17,0,17,1
"1219",14,0,16,0
"1220",4,0,4,1
"1221",16,0,16,1
"1222",6,0,6,1
"1223",6,0,6,1
"1224",3,0,3,1
"1225",6,0,6,1
"1226",6,0,6,1
"1227",6,0,6,1
"1228",15,0,15,1
"1229",6,0,6,1
"1230",19,0,19,1
"1231",6,0,6,1
"1232",6,0,6,1
"1233",8,0,8,1
"1234",6,0,6,1
"1235",3,0,3,1
"1236",15,0,15,1
"1237",9,0,9,1
"1238",6,0,6,1
"1239",3,0,3,1
"1240",6,0,6,1
"1241",16,0,19,0
"1242",10,0,10,1
"1243",19,0,19,1
"1244",10,0,10,1
"1245",17,0,17,1
"1246",19,0,19,1
"1247",17,0,17,1
"1248",10,0,10,1
"1249",16,0,16,1
"1250",6,0,6,1
"1251",6,0,6,1
"1252",9,0,9,1
"1253",17,0,17,1
"1254",10,0,10,1
"1255",13,0,13,1
"1256",10,0,10,1
"1257",6,0,6,1
"1258",2,0,2,1
"1259",2,0,2,1
"1260",17,0,17,1
"1261",3,0,3,1
"1262",19,0,3,0
"1263",3,0,3,1
"1264",3,0,3,1
"1265",3,0,3,1
"1266",3,0,3,1
"1267",10,0,10,1
"1268",3,0,3,1
"1269",3,0,3,1
"1270",12,0,12,1
"1271",14,0,14,1
"1272",3,0,3,1
"1273",3,0,3,1
"1274",3,0,3,1
"1275",12,0,12,1
"1276",3,0,3,1
"1277",5,0,5,1
"1278",5,0,5,1
"1279",3,0,3,1
"1280",12,0,12,1
"1281",15,0,15,1
"1282",5,0,5,1
"1283",2,0,2,1
"1284",14,0,9,0
"1285",14,0,14,1
"1286",13,0,13,1
"1287",14,0,14,1
"1288",9,0,9,1
"1289",9,0,9,1
"1290",14,0,9,0
"1291",9,0,9,1
"1292",14,0,14,1
"1293",5,0,5,1
"1294",14,0,9,0
"1295",15,0,15,1
"1296",4,0,4,1
"1297",9,0,14,0
"1298",11,0,11,1
"1299",13,0,13,1
"1300",11,0,11,1
"1301",4,0,4,1
"1302",7,0,7,1
"1303",12,0,12,1
"1304",12,0,7,0
"1305",12,0,12,1
"1306",12,0,12,1
"1307",19,0,19,1
"1308",3,0,3,1
"1309",12,0,12,1
"1310",7,0,7,1
"1311",12,0,12,1
"1312",4,0,4,1
"1313",11,0,11,1
"1314",12,0,12,1
"1315",6,0,6,1
"1316",11,0,11,1
"1317",7,0,7,1
"1318",10,0,12,0
"1319",19,0,19,1
"1320",4,0,4,1
"1321",19,0,19,1
"1322",16,0,16,1
"1323",5,0,5,1
"1324",16,0,16,1
"1325",19,0,19,1
"1326",16,0,16,1
"1327",19,0,19,1
"1328",8,0,8,1
"1329",19,0,19,1
"1330",2,0,2,1
"1331",15,0,15,1
"1332",15,0,15,1
"1333",19,0,19,1
"1334",19,0,19,1
"1335",19,0,19,1
"1336",10,0,10,1
"1337",15,0,19,0
"1338",12,0,12,1
"1339",19,0,19,1
"1340",19,0,19,1
"1341",18,0,3,0
"1342",15,0,15,1
"1343",16,0,16,1
"1344",3,0,13,0
"1345",12,0,12,1
"1346",3,0,3,1
"1347",11,0,11,1
"1348",2,0,2,1
"1349",12,0,12,1
"1350",13,0,13,1
"1351",12,0,12,1
"1352",3,0,3,1
"1353",13,0,13,1
"1354",13,0,13,1
"1355",3,0,3,1
"1356",2,0,2,1
"1357",13,0,13,1
"1358",2,0,2,1
"1359",3,0,3,1
"1360",16,0,16,1
"1361",4,0,4,1
"1362",7,0,7,1
"1363",17,0,17,1
"1364",17,0,17,1
"1365",8,0,8,1
"1366",9,0,7,0
"1367",17,0,17,1
"1368",6,0,4,0
"1369",17,0,17,1
"1370",17,0,17,1
"1371",7,0,7,1
"1372",17,0,17,1
"1373",11,0,11,1
"1374",4,0,4,1
"1375",4,0,4,1
"1376",4,0,4,1
"1377",7,0,7,1
"1378",17,0,17,1
"1379",17,0,17,1
"1380",7,0,7,1
"1381",13,0,13,1
"1382",19,0,19,1
"1383",10,0,10,1
"1384",18,0,18,1
"1385",4,0,4,1
"1386",11,0,11,1
"1387",16,0,16,1
"1388",10,0,10,1
"1389",13,0,13,1
"1390",10,0,10,1
"1391",10,0,10,1
"1392",3,0,10,0
"1393",10,0,10,1
"1394",18,0,18,1
"1395",14,0,14,1
"1396",5,0,5,1
"1397",19,0,19,1
"1398",10,0,10,1
"1399",10,0,10,1
"1400",13,0,13,1
"1401",2,0,2,1
"1402",4,0,4,1
"1403",4,0,4,1
"1404",2,0,2,1
"1405",18,0,18,1
"1406",10,0,10,1
"1407",4,0,4,1
"1408",5,0,5,1
"1409",10,0,10,1
"1410",4,0,4,1
"1411",10,0,10,1
"1412",4,0,4,1
"1413",9,0,9,1
"1414",18,0,18,1
"1415",12,0,12,1
"1416",4,0,4,1
"1417",10,0,10,1
"1418",2,0,2,1
"1419",12,0,12,1
"1420",3,0,3,1
"1421",5,0,5,1
"1422",2,0,2,1
"1423",7,0,7,1
"1424",19,0,19,1
"1425",2,0,2,1
"1426",17,0,17,1
"1427",16,0,2,0
"1428",3,0,2,0
"1429",2,0,2,1
"1430",12,0,12,1
"1431",13,0,13,1
"1432",18,0,18,1
"1433",2,0,2,1
"1434",12,0,12,1
"1435",16,0,16,1
"1436",2,0,2,1
"1437",7,0,7,1
"1438",19,0,19,1
"1439",2,0,2,1
"1440",4,0,2,0
"1441",18,0,18,1
"1442",15,0,15,1
"1443",5,0,5,1
"1444",18,0,18,1
"1445",19,0,19,1
"1446",10,0,10,1
"1447",16,0,16,1
"1448",11,0,19,0
"1449",18,0,18,1
"1450",10,0,19,0
"1451",15,0,15,1
"1452",19,0,19,1
"1453",19,0,16,0
"1454",19,0,19,1
"1455",19,0,19,1
"1456",15,0,15,1
"1457",16,0,16,1
"1458",19,0,19,1
"1459",19,0,19,1
"1460",15,0,15,1
"1461",2,0,2,1
"1462",16,0,16,1
"1463",2,0,2,1
"1464",4,0,4,1
"1465",12,0,12,1
"1466",2,0,2,1
"1467",4,0,4,1
"1468",12,0,12,1
"1469",19,0,19,1
"1470",19,0,19,1
"1471",12,0,12,1
"1472",16,0,15,0
"1473",4,0,4,1
"1474",4,0,19,0
"1475",4,0,4,1
"1476",5,0,5,1
"1477",12,0,12,1
"1478",14,0,12,0
"1479",16,0,16,1
"1480",7,0,7,1
"1481",7,0,7,1
"1482",5,0,5,1
"1483",15,0,15,1
"1484",8,0,8,1
"1485",7,0,7,1
"1486",19,0,19,1
"1487",9,0,9,1
"1488",7,0,7,1
"1489",19,0,19,1
"1490",19,0,19,1
"1491",7,0,7,1
"1492",7,0,7,1
"1493",5,0,5,1
"1494",4,0,4,1
"1495",7,0,7,1
"1496",19,0,19,1
"1497",8,0,8,1
"1498",19,0,19,1
"1499",7,0,7,1
"1500",19,0,19,1
"1501",11,0,11,1
"1502",2,0,2,1
"1503",6,0,6,1
"1504",10,0,10,1
"1505",11,0,11,1
"1506",11,0,11,1
"1507",3,0,3,1
"1508",16,0,16,1
"1509",6,0,6,1
"1510",11,0,11,1
"1511",17,0,17,1
"1512",3,0,3,1
"1513",17,0,17,1
"1514",16,0,16,1
"1515",11,0,11,1
"1516",3,0,3,1
"1517",7,0,7,1
"1518",3,0,3,1
"1519",6,0,6,1
"1520",6,0,6,1
"1521",2,0,2,1
"1522",4,0,2,0
"1523",19,0,19,1
"1524",2,0,2,1
"1525",17,0,17,1
"1526",2,0,2,1
"1527",13,0,13,1
"1528",11,0,11,1
"1529",2,0,2,1
"1530",13,0,13,1
"1531",11,0,11,1
"1532",17,0,17,1
"1533",2,0,2,1
"1534",13,0,13,1
"1535",13,0,13,1
"1536",2,0,2,1
"1537",13,0,13,1
"1538",13,0,13,1
"1539",7,0,7,1
"1540",10,0,10,1
"1541",4,0,4,1
"1542",5,0,5,1
"1543",11,0,11,1
"1544",3,0,3,1
"1545",19,0,19,1
"1546",3,0,3,1
"1547",18,0,18,1
"1548",19,0,19,1
"1549",19,0,19,1
"1550",19,0,19,1
"1551",10,0,10,1
"1552",12,0,12,1
"1553",19,0,3,0
"1554",11,0,11,1
"1555",3,0,3,1
"1556",3,0,3,1
"1557",7,0,7,1
"1558",19,0,19,1
"1559",19,0,19,1
"1560",3,0,3,1
"1561",12,0,12,1
"1562",12,0,12,1
"1563",4,0,4,1
"1564",18,0,18,1
"1565",3,0,3,1
"1566",16,0,16,1
"1567",14,0,14,1
"1568",14,0,14,1
"1569",4,0,4,1
"1570",17,0,17,1
"1571",12,0,12,1
"1572",9,0,9,1
"1573",14,0,14,1
"1574",18,0,18,1
"1575",9,0,9,1
"1576",5,0,6,0
"1577",14,0,14,1
"1578",9,0,9,1
"1579",14,0,14,1
"1580",14,0,14,1
"1581",17,0,17,1
"1582",8,0,9,0
"1583",11,0,11,1
"1584",9,0,9,1
"1585",11,0,11,1
"1586",11,0,11,1
"1587",16,0,16,1
"1588",10,0,10,1
"1589",16,0,16,1
"1590",9,0,9,1
"1591",5,0,5,1
"1592",17,0,17,1
"1593",16,0,16,1
"1594",17,0,17,1
"1595",5,0,5,1
"1596",9,0,9,1
"1597",14,0,11,0
"1598",11,0,11,1
"1599",3,0,3,1
"1600",9,0,9,1
"1601",4,0,4,1
"1602",19,0,19,1
"1603",5,0,5,1
"1604",19,0,19,1
"1605",9,0,9,1
"1606",10,0,9,0
"1607",9,0,9,1
"1608",4,0,4,1
"1609",5,0,5,1
"1610",7,0,5,0
"1611",19,0,19,1
"1612",5,0,5,1
"1613",6,0,6,1
"1614",19,0,19,1
"1615",6,0,6,1
"1616",5,0,5,1
"1617",11,0,19,0
"1618",19,0,19,1
"1619",9,0,9,1
"1620",16,0,14,0
"1621",6,0,6,1
"1622",3,0,3,1
"1623",9,0,9,1
"1624",7,0,7,1
"1625",3,0,3,1
"1626",19,0,19,1
"1627",9,0,9,1
"1628",3,0,3,1
"1629",3,0,3,1
"1630",9,0,9,1
"1631",11,0,5,0
"1632",15,0,15,1
"1633",5,0,5,1
"1634",4,0,5,0
"1635",9,0,9,1
"1636",3,0,3,1
"1637",6,0,4,0
"1638",9,0,5,0
"1639",5,0,5,1
"1640",4,0,5,0
"1641",19,0,14,0
"1642",19,0,19,1
"1643",14,0,13,0
"1644",14,0,14,1
"1645",14,0,14,1
"1646",13,0,13,1
"1647",16,0,18,0
"1648",14,0,14,1
"1649",14,0,14,1
"1650",18,0,18,1
"1651",19,0,19,1
"1652",17,0,17,1
"1653",16,0,16,1
"1654",14,0,14,1
"1655",14,0,14,1
"1656",14,0,14,1
"1657",14,0,14,1
"1658",14,0,14,1
"1659",14,0,14,1
"1660",14,0,14,1
"1661",16,0,16,1
"1662",13,0,13,1
"1663",14,0,13,0
"1664",13,0,13,1
"1665",13,0,13,1
"1666",2,0,2,1
"1667",2,0,2,1
"1668",13,0,13,1
"1669",13,0,13,1
"1670",11,0,11,1
"1671",13,0,13,1
"1672",18,0,18,1
"1673",13,0,13,1
"1674",13,0,13,1
"1675",13,0,13,1
"1676",15,0,15,1
"1677",13,0,13,1
"1678",13,0,13,1
"1679",15,0,15,1
"1680",15,0,15,1
"1681",2,0,2,1
"1682",18,0,18,1
"1683",3,0,3,1
"1684",15,0,15,1
"1685",9,0,9,1
"1686",15,0,15,1
"1687",15,0,15,1
"1688",19,0,19,1
"1689",19,0,19,1
"1690",3,0,3,1
"1691",13,0,13,1
"1692",12,0,12,1
"1693",10,0,10,1
"1694",12,0,12,1
"1695",15,0,15,1
"1696",15,0,15,1
"1697",12,0,12,1
"1698",15,0,15,1
"1699",6,0,10,0
"1700",14,0,14,1
"1701",5,0,5,1
"1702",10,0,10,1
"1703",4,0,4,1
"1704",2,0,2,1
"1705",19,0,10,0
"1706",10,0,10,1
"1707",10,0,10,1
"1708",19,0,19,1
"1709",2,0,2,1
"1710",10,0,10,1
"1711",10,0,10,1
"1712",2,0,2,1
"1713",10,0,10,1
"1714",8,0,8,1
"1715",10,0,10,1
"1716",2,0,2,1
"1717",10,0,10,1
"1718",19,0,19,1
"1719",4,0,2,0
"1720",5,0,5,1
"1721",6,0,14,0
"1722",4,0,4,1
"1723",5,0,5,1
"1724",4,0,4,1
"1725",3,0,2,0
"1726",6,0,6,1
"1727",2,0,2,1
"1728",15,0,15,1
"1729",14,0,14,1
"1730",8,0,8,1
"1731",16,0,14,0
"1732",4,0,4,1
"1733",5,0,5,1
"1734",8,0,8,1
"1735",15,0,15,1
"1736",9,0,9,1
"1737",2,0,2,1
"1738",15,0,15,1
"1739",14,0,14,1
"1740",14,0,14,1
"1741",12,0,12,1
"1742",5,0,5,1
"1743",12,0,12,1
"1744",2,0,2,1
"1745",12,0,12,1
"1746",2,0,2,1
"1747",12,0,12,1
"1748",4,0,4,1
"1749",2,0,2,1
"1750",5,0,5,1
"1751",2,0,2,1
"1752",5,0,5,1
"1753",5,0,5,1
"1754",4,0,4,1
"1755",7,0,7,1
"1756",18,0,18,1
"1757",18,0,18,1
"1758",7,0,7,1
"1759",7,0,7,1
"1760",2,0,2,1
"1761",7,0,7,1
"1762",2,0,2,1
"1763",7,0,7,1
"1764",14,0,14,1
"1765",2,0,2,1
"1766",7,0,7,1
"1767",2,0,2,1
"1768",8,0,7,0
"1769",7,0,7,1
"1770",2,0,2,1
"1771",2,0,2,1
"1772",14,0,2,0
"1773",2,0,2,1
"1774",3,0,3,1
"1775",2,0,2,1
"1776",14,0,14,1
"1777",2,0,2,1
"1778",2,0,2,1
"1779",2,0,2,1
"1780",2,0,2,1
"1781",19,0,19,1
"1782",2,0,2,1
"1783",2,0,2,1
"1784",8,0,8,1
"1785",4,0,2,0
"1786",17,0,17,1
"1787",10,0,8,0
"1788",14,0,14,1
"1789",4,0,2,0
"1790",2,0,2,1
"1791",3,0,3,1
"1792",8,0,8,1
"1793",2,0,2,1
"1794",8,0,8,1
"1795",2,0,2,1
"1796",18,0,18,1
"1797",2,0,2,1
"1798",8,0,8,1
"1799",14,0,14,1
"1800",14,0,14,1
"1801",6,0,6,1
"1802",6,0,6,1
"1803",10,0,10,1
"1804",14,0,14,1
"1805",6,0,6,1
"1806",11,0,11,1
"1807",2,0,8,0
"1808",19,0,19,1
"1809",2,0,2,1
"1810",7,0,6,0
"1811",11,0,11,1
"1812",11,0,11,1
"1813",7,0,6,0
"1814",6,0,6,1
"1815",6,0,6,1
"1816",2,0,2,1
"1817",8,0,8,1
"1818",6,0,6,1
"1819",8,0,8,1
"1820",6,0,6,1
"1821",15,0,15,1
"1822",2,0,2,1
"1823",9,0,9,1
"1824",9,0,9,1
"1825",9,0,9,1
"1826",18,0,19,0
"1827",2,0,2,1
"1828",2,0,2,1
"1829",9,0,9,1
"1830",2,0,2,1
"1831",19,0,19,1
"1832",16,0,16,1
"1833",2,0,2,1
"1834",19,0,19,1
"1835",19,0,19,1
"1836",3,0,3,1
"1837",9,0,9,1
"1838",18,0,18,1
"1839",15,0,15,1
"1840",18,0,19,0
"1841",8,0,8,1
"1842",13,0,9,0
"1843",2,0,2,1
"1844",11,0,11,1
"1845",8,0,8,1
"1846",2,0,2,1
"1847",11,0,11,1
"1848",16,0,16,1
"1849",17,0,17,1
"1850",2,0,2,1
"1851",19,0,17,0
"1852",2,0,2,1
"1853",18,0,17,0
"1854",4,0,2,0
"1855",3,0,3,1
"1856",16,0,16,1
"1857",15,0,2,0
"1858",16,0,16,1
"1859",16,0,16,1
"1860",16,0,16,1
"1861",12,0,12,1
"1862",11,0,11,1
"1863",12,0,12,1
"1864",12,0,12,1
"1865",12,0,12,1
"1866",12,0,12,1
"1867",12,0,12,1
"1868",12,0,12,1
"1869",11,0,11,1
"1870",12,0,12,1
"1871",4,0,4,1
"1872",17,0,12,0
"1873",11,0,12,0
"1874",12,0,12,1
"1875",17,0,17,1
"1876",12,0,12,1
"1877",2,0,2,1
"1878",2,0,2,1
"1879",12,0,12,1
"1880",12,0,12,1
"1881",16,0,16,1
"1882",7,0,7,1
"1883",17,0,15,0
"1884",4,0,4,1
"1885",15,0,15,1
"1886",16,0,16,1
"1887",4,0,4,1
"1888",16,0,18,0
"1889",16,0,16,1
"1890",10,0,11,0
"1891",15,0,15,1
"1892",18,0,16,0
"1893",16,0,16,1
"1894",15,0,15,1
"1895",4,0,4,1
"1896",14,0,14,1
"1897",12,0,12,1
"1898",13,0,13,1
"1899",16,0,16,1
"1900",4,0,4,1
"1901",7,0,7,1
"1902",9,0,9,1
"1903",7,0,4,0
"1904",15,0,15,1
"1905",14,0,14,1
"1906",15,0,15,1
"1907",11,0,10,0
"1908",9,0,9,1
"1909",15,0,15,1
"1910",19,0,19,1
"1911",9,0,9,1
"1912",4,0,4,1
"1913",10,0,10,1
"1914",9,0,9,1
"1915",4,0,2,0
"1916",12,0,8,0
"1917",14,0,14,1
"1918",15,0,15,1
"1919",10,0,10,1
"1920",15,0,15,1
"1921",6,0,7,0
"1922",12,0,12,1
"1923",2,0,2,1
"1924",12,0,12,1
"1925",12,0,12,1
"1926",12,0,12,1
"1927",12,0,12,1
"1928",11,0,11,1
"1929",12,0,12,1
"1930",13,0,13,1
"1931",13,0,13,1
"1932",12,0,12,1
"1933",12,0,12,1
"1934",12,0,12,1
"1935",15,0,15,1
"1936",12,0,12,1
"1937",12,0,12,1
"1938",11,0,11,1
"1939",2,0,2,1
"1940",12,0,12,1
"1941",2,0,2,1
"1942",12,0,12,1
"1943",19,0,19,1
"1944",2,0,2,1
"1945",2,0,2,1
"1946",2,0,2,1
"1947",16,0,16,1
"1948",2,0,2,1
"1949",19,0,19,1
"1950",3,0,3,1
"1951",9,0,9,1
"1952",5,0,5,1
"1953",3,0,3,1
"1954",19,0,19,1
"1955",2,0,2,1
"1956",3,0,3,1
"1957",19,0,2,0
"1958",17,0,19,0
"1959",2,0,2,1
"1960",18,0,2,0
"1961",4,0,4,1
"1962",19,0,19,1
"1963",11,0,11,1
"1964",3,0,3,1
"1965",19,0,19,1
"1966",8,0,8,1
"1967",6,0,4,0
"1968",19,0,19,1
"1969",3,0,3,1
"1970",4,0,4,1
"1971",14,0,14,1
"1972",19,0,19,1
"1973",9,0,9,1
"1974",11,0,11,1
"1975",8,0,11,0
"1976",3,0,3,1
"1977",6,0,4,0
"1978",8,0,11,0
"1979",17,0,17,1
"1980",11,0,11,1
"1981",3,0,3,1
"1982",2,0,2,1
"1983",7,0,7,1
"1984",4,0,3,0
"1985",16,0,7,0
"1986",3,0,3,1
"1987",7,0,7,1
"1988",3,0,3,1
"1989",5,0,5,1
"1990",19,0,19,1
"1991",7,0,7,1
"1992",16,0,7,0
"1993",5,0,5,1
"1994",5,0,5,1
"1995",17,0,7,0
"1996",7,0,7,1
"1997",18,0,18,1
"1998",7,0,7,1
"1999",18,0,18,1
"2000",5,0,5,1
