,Normal,MD_6,PD_13,PD_38,MD_25,MD_20,MD_5,PD_40,PA_56,PA_66,MA_66,MA_52,MA_54,MA_51,MA_50,MA_57,MA_59,MA_55,PA_54,PA_76,PA_70,PA_83,MA_49,PD_44,PD_19,PA_74,MA_64,MA_74,PA_80,PA_63,PA_53,PA_85,PA_91,PA_57,PA_51,PA_88,PA_64,PA_75,PA_87,PA_78,PD_41,PA_77,PD_30,PA_61,MA_62,MA_56,MA_69,MA_73,MA_67,MA_68,MA_61,MA_75,MA_77,MA_53,MA_76,PA_89,PD_31,PA_65,PA_90,PA_52,PA_50,PA_62,MA_63,MA_58,MD_10,MA_65,MD_7,MD_1,PDD_94,PA_81,PD_26,PD_16,PDD_93
APC,0,0,0,0,0,0,0,0,1,1,1,1,1,1,1,1,1,1,1,1,1,1,1,1,1,1,1,1,1,1,1,1,1,1,1,1,1,1,1,1,1,1,1,1,1,1,1,1,1,1,1,1,1,1,1,1,1,1,1,1,1,1,1,1,1,1,1,1,1,3,1,1,1
KRAS,0,0,0,0,1,1,0,1,0,0,1,1,1,1,1,1,1,1,0,0,1,1,1,1,1,1,1,1,1,1,1,1,1,1,1,1,0,1,1,1,3,1,1,1,1,1,1,1,3,1,1,1,1,1,1,1,1,1,1,1,1,1,0,0,1,1,1,1,1,1,1,0,0
TP53,0,1,0,0,0,1,1,0,1,1,1,1,1,1,1,1,1,1,1,1,3,1,1,1,1,1,1,1,1,1,1,1,1,1,1,1,1,1,1,1,0,3,0,1,1,1,1,1,1,1,1,1,1,1,1,3,1,1,0,1,0,1,0,1,1,1,1,1,3,1,1,0,0
CCNE1,0,0,0,3,0,1,0,0,1,1,1,1,1,1,1,1,1,1,1,1,3,1,1,1,1,1,1,1,1,1,1,1,1,1,1,1,1,1,1,1,0,1,0,0,0,1,1,1,1,1,1,0,1,1,0,0,0,3,0,1,1,1,0,1,0,3,1,0,0,0,1,0,0
FAT3,0,0,0,0,0,0,0,0,3,1,0,1,1,1,1,0,1,1,1,3,1,1,1,1,1,1,0,1,1,1,3,1,1,3,1,1,1,1,1,1,0,1,0,1,1,1,1,1,1,1,1,1,1,1,1,1,1,1,1,0,0,0,0,0,3,3,0,0,1,1,1,0,0
ROBO2,0,0,0,0,0,0,0,0,1,1,1,1,1,1,1,1,1,1,1,1,1,1,1,1,1,1,1,1,3,1,1,1,1,1,1,1,1,1,1,1,0,0,0,1,1,1,1,1,1,3,1,1,1,1,1,3,1,3,1,1,1,1,0,1,0,0,0,3,3,1,1,0,0
MYH9,0,0,0,0,0,0,0,3,3,0,3,1,1,3,1,1,1,3,3,1,1,3,3,1,1,1,1,1,3,1,1,3,1,1,1,3,3,1,1,1,0,3,0,1,1,1,1,1,1,1,1,0,1,0,0,3,0,0,1,0,0,3,0,3,0,0,0,0,1,3,1,0,3
TDRP,0,0,0,0,0,0,0,3,1,3,1,1,1,1,1,1,1,1,3,3,1,1,1,1,1,3,1,1,1,3,1,1,1,3,1,1,1,1,1,1,0,3,0,1,1,1,3,3,1,1,3,1,3,1,1,1,1,1,3,3,1,3,0,1,0,1,3,3,1,3,0,0,1
TCF7L2,0,0,0,0,1,0,0,0,1,0,1,1,0,0,0,0,1,0,1,1,1,1,1,1,1,1,1,1,1,1,1,1,1,1,1,1,1,0,0,0,0,1,1,1,1,1,1,1,1,1,1,1,1,1,1,1,1,1,1,1,1,1,1,1,0,1,0,0,0,1,0,0,0
POU2AF1,0,0,0,0,0,1,1,1,1,1,0,0,0,0,1,1,1,0,0,0,0,0,0,1,1,1,1,1,1,1,1,1,0,0,0,0,1,1,1,1,0,0,0,1,1,1,1,1,1,1,1,1,1,1,1,1,1,1,1,1,1,1,0,1,0,1,1,3,3,0,0,0,0
TPM4,0,0,0,0,0,0,0,0,1,1,0,0,0,0,0,0,0,0,0,0,3,0,0,0,0,0,0,0,0,1,1,0,0,0,0,0,0,0,1,1,0,1,0,0,0,0,0,0,0,0,0,0,0,0,0,1,1,0,0,1,1,0,0,0,0,0,0,0,3,1,1,0,0
ZNF521,0,0,0,0,0,0,0,0,0,0,1,1,1,1,1,1,1,1,0,0,0,0,1,0,0,0,1,1,0,3,0,0,0,3,0,0,0,0,0,0,0,0,0,0,1,1,1,1,1,1,1,1,1,1,1,0,0,0,0,0,0,0,0,1,1,1,1,0,0,0,0,3,0
EYS,0,1,0,0,0,0,0,0,0,0,1,3,1,1,0,0,0,0,0,0,0,0,1,0,0,0,1,1,0,0,0,3,0,0,0,0,0,0,0,0,0,0,0,0,1,1,1,1,1,1,1,1,1,1,1,0,0,0,0,0,0,0,0,0,0,1,1,3,0,0,1,0,0
TRRAP,0,1,1,0,0,0,0,0,0,0,1,1,1,1,1,1,1,0,0,0,0,0,1,0,0,0,1,0,0,0,0,0,0,0,0,0,0,0,0,0,0,0,0,0,1,1,1,1,1,1,1,1,1,1,1,0,0,0,0,0,0,0,0,1,0,0,1,0,0,0,0,0,0
RBFOX1,0,0,0,0,0,0,0,0,0,0,1,1,1,1,1,1,1,1,0,0,0,0,0,0,0,0,1,1,0,0,0,0,0,0,0,0,0,0,0,0,0,0,0,0,1,1,1,1,1,1,1,1,0,0,0,0,0,0,0,0,0,0,0,1,0,1,1,1,0,0,0,0,0
GATA1,0,0,0,1,1,1,0,0,0,0,1,1,1,1,1,1,1,0,0,0,0,0,1,0,0,0,0,0,0,0,0,0,0,0,0,0,0,0,0,0,0,0,0,0,1,1,1,1,1,1,1,0,0,0,0,0,0,0,0,0,0,0,0,0,1,1,1,1,0,0,0,0,0
